Sub-Category,total_orders,total_sales
Phones,14,5481.6900000000005
Tables,5,5113.6215
Bookcases,3,3877.7891999999997
Chairs,10,3453.763
Storage,15,2990.404
Art,13,1386.672
Appliances,6,1369.52
Furnishings,16,1365.8379999999997
Binders,22,1011.7780000000002
Accessories,10,994.4639999999999
Paper,16,743.088
Envelopes,7,578.6400000000001
Labels,3,95.96000000000001
Fasteners,4,80.832
Supplies,1,65.88
